{
  "reportSchema" : "1.1",
  "scanInfo" : {
    "engineVersion" : "12.1.0",
    "dataSource" : [ {
      "name" : "NVD API Last Checked",
      "timestamp" : "2025-06-18T22:21:11-04"
    }, {
      "name" : "NVD API Last Modified",
      "timestamp" : "2025-06-19T02:15:17Z"
    } ]
  },
  "projectInfo" : {
    "name" : "VulnerableJavaApp",
    "reportDate" : "2025-06-19T02:21:59.139964631Z",
    "credits" : {
      "NVD" : "This product uses the NVD API but is not endorsed or certified by the NVD. This report contains data retrieved from the National Vulnerability Database: https://nvd.nist.gov",
      "CISA" : "This report may contain data retrieved from the CISA Known Exploited Vulnerability Catalog: https://www.cisa.gov/known-exploited-vulnerabilities-catalog",
      "NPM" : "This report may contain data retrieved from the Github Advisory Database (via NPM Audit API): https://github.com/advisories/",
      "RETIREJS" : "This report may contain data retrieved from the RetireJS community: https://retirejs.github.io/retire.js/",
      "OSSINDEX" : "This report may contain data retrieved from the Sonatype OSS Index: https://ossindex.sonatype.org"
    }
  },
  "dependencies" : [ ]
}